Attraction Name,Deal (Total Savings),Price (Per Adult),Source,Additional Information,Source Link,Location
Burj Khalifa: At The Top (Levels 124 and 125) Admission Ticket,Save up to 10%,56,Groupon,Enjoy panoramic views of Dubai from the world's tallest building. Pre-booked tickets include access to indoor observation decks with floor-to-ceiling glass walls and an open-air terrace. Telescopes are provided for a closer look at the cityscape.,https://www.groupon.com,Downtown Dubai
Dubai Aquarium and Underwater Zoo with Penguin Cove Tickets,Save up to 15%,42,Tripadvisor,"Explore one of the largest suspended aquariums in the world, home to thousands of aquatic animals. The ticket includes access to the Underwater Zoo and Penguin Cove, offering an interactive experience with marine life.",https://www.tripadvisor.com,Dubai Mall
Desert Safari with BBQ Dinner and Live Entertainment,Save up to 20%,65,Viator,"Experience the thrill of dune bashing in the Dubai desert, followed by a traditional BBQ dinner and live entertainment at a Bedouin-style camp. Activities include camel riding, sandboarding, henna painting, and belly dancing performances.",https://www.viator.com,Dubai Desert
Atlantis Aquaventure Waterpark Admission,Save up to 15%,75,Klook,"Enjoy a full day of excitement at the largest waterpark in the Middle East, featuring thrilling water slides, a private beach, and access to the Lost Chambers Aquarium. Suitable for all ages with dedicated children's play areas.",https://www.klook.com,Palm Jumeirah
Museum of the Future Tickets,Save up to 10%,42,GetYourGuide,"Visit Dubai's latest architectural marvel and explore innovative exhibits that offer a glimpse into the future of science, technology, and innovation. The museum provides an immersive experience for visitors of all ages.",https://www.getyourguide.com,Trade Centre
Dubai Frame Admission Tickets,Save up to 10%,15,Tiqets,"Discover Dubai's past, present, and future through interactive galleries and enjoy panoramic views of the city from the sky deck of this iconic architectural landmark.",https://www.tiqets.com,Zabeel Park
Dubai Miracle Garden Entry Tickets,Save up to 10%,20,Headout,"Explore the world's largest natural flower garden, featuring over 150 million flowers arranged in stunning designs and themes. A family-friendly attraction open from November to April.",https://www.headout.com,Al Barsha South
Dubai Marina Dhow Cruise with Dinner,Save up to 15%,55,Official Website,"Enjoy a relaxing evening aboard a traditional dhow cruise along Dubai Marina, complete with a buffet dinner, live music, and stunning views of the city's illuminated skyline.",https://www.burjkhalifa.ae,Dubai Marina
IMG Worlds of Adventure Tickets,Save up to 10%,75,Local Vendor,"Experience the world's largest indoor theme park, featuring thrilling rides and attractions based on popular Cartoon Network characters and Marvel superheroes. Suitable for all age groups.",https://www.localvendor.com,Sheikh Mohammed Bin Zayed Road
Dubai Dolphinarium Tickets,Save up to 10%,30,Expedia,Enjoy an entertaining dolphin and seal show showcasing the incredible talents of these marine animals. Optional experiences include swimming with dolphins and photo sessions.,https://www.expedia.com,Riyadh Street
Burj Khalifa: At The Top (Levels 124 and 125) Admission Ticket,Save up to 10%,56,Groupon,Enjoy panoramic views of Dubai from the world's tallest building. Pre-booked tickets include access to indoor observation decks with floor-to-ceiling glass walls and an open-air terrace. Telescopes are provided for a closer look at the cityscape.,https://www.groupon.com,Downtown Dubai
Dubai Aquarium and Underwater Zoo with Penguin Cove Tickets,Save up to 15%,42,Tripadvisor,"Explore one of the largest suspended aquariums in the world, home to thousands of aquatic animals. The ticket includes access to the Underwater Zoo and Penguin Cove, offering an interactive experience with marine life.",https://www.tripadvisor.com,Dubai Mall
Desert Safari with BBQ Dinner and Live Entertainment,Save up to 20%,65,Viator,"Experience the thrill of dune bashing in the Dubai desert, followed by a traditional BBQ dinner and live entertainment at a Bedouin-style camp. Activities include camel riding, sandboarding, henna painting, and belly dancing performances.",https://www.viator.com,Dubai Desert
Atlantis Aquaventure Waterpark Admission,Save up to 15%,75,Klook,"Enjoy a full day of excitement at the largest waterpark in the Middle East, featuring thrilling water slides, a private beach, and access to the Lost Chambers Aquarium. Suitable for all ages with dedicated children's play areas.",https://www.klook.com,Palm Jumeirah
Museum of the Future Tickets,Save up to 10%,42,GetYourGuide,"Visit Dubai's latest architectural marvel and explore innovative exhibits that offer a glimpse into the future of science, technology, and innovation. The museum provides an immersive experience for visitors of all ages.",https://www.getyourguide.com,Trade Centre
Dubai Frame Admission Tickets,Save up to 10%,15,Tiqets,"Discover Dubai's past, present, and future through interactive galleries and enjoy panoramic views of the city from the sky deck of this iconic architectural landmark.",https://www.tiqets.com,Zabeel Park
Dubai Miracle Garden Entry Tickets,Save up to 10%,20,Headout,"Explore the world's largest natural flower garden, featuring over 150 million flowers arranged in stunning designs and themes. A family-friendly attraction open from November to April.",https://www.headout.com,Al Barsha South
Dubai Marina Dhow Cruise with Dinner,Save up to 15%,55,Official Website,"Enjoy a relaxing evening aboard a traditional dhow cruise along Dubai Marina, complete with a buffet dinner, live music, and stunning views of the city's illuminated skyline.",https://www.burjkhalifa.ae,Dubai Marina
IMG Worlds of Adventure Tickets,Save up to 10%,75,Local Vendor,"Experience the world's largest indoor theme park, featuring thrilling rides and attractions based on popular Cartoon Network characters and Marvel superheroes. Suitable for all age groups.",https://www.localvendor.com,Sheikh Mohammed Bin Zayed Road
Dubai Dolphinarium Tickets,Save up to 10%,30,Expedia,Enjoy an entertaining dolphin and seal show showcasing the incredible talents of these marine animals. Optional experiences include swimming with dolphins and photo sessions.,https://www.expedia.com,Riyadh Street
Burj Khalifa: At The Top (Levels 124 and 125) Admission Ticket,Save up to 10%,56,Groupon,Enjoy panoramic views of Dubai from the world's tallest building. Pre-booked tickets include access to indoor observation decks with floor-to-ceiling glass walls and an open-air terrace. Telescopes are provided for a closer look at the cityscape.,https://www.groupon.com,Downtown Dubai
Dubai Aquarium and Underwater Zoo with Penguin Cove Tickets,Save up to 15%,42,Tripadvisor,"Explore one of the largest suspended aquariums in the world, home to thousands of aquatic animals. The ticket includes access to the Underwater Zoo and Penguin Cove, offering an interactive experience with marine life.",https://www.tripadvisor.com,Dubai Mall
Desert Safari with BBQ Dinner and Live Entertainment,Save up to 20%,65,Viator,"Experience the thrill of dune bashing in the Dubai desert, followed by a traditional BBQ dinner and live entertainment at a Bedouin-style camp. Activities include camel riding, sandboarding, henna painting, and belly dancing performances.",https://www.viator.com,Dubai Desert
Atlantis Aquaventure Waterpark Admission,Save up to 15%,75,Klook,"Enjoy a full day of excitement at the largest waterpark in the Middle East, featuring thrilling water slides, a private beach, and access to the Lost Chambers Aquarium. Suitable for all ages with dedicated children's play areas.",https://www.klook.com,Palm Jumeirah
Museum of the Future Tickets,Save up to 10%,42,GetYourGuide,"Visit Dubai's latest architectural marvel and explore innovative exhibits that offer a glimpse into the future of science, technology, and innovation. The museum provides an immersive experience for visitors of all ages.",https://www.getyourguide.com,Trade Centre
Dubai Frame Admission Tickets,Save up to 10%,15,Tiqets,"Discover Dubai's past, present, and future through interactive galleries and enjoy panoramic views of the city from the sky deck of this iconic architectural landmark.",https://www.tiqets.com,Zabeel Park
Dubai Miracle Garden Entry Tickets,Save up to 10%,20,Headout,"Explore the world's largest natural flower garden, featuring over 150 million flowers arranged in stunning designs and themes. A family-friendly attraction open from November to April.",https://www.headout.com,Al Barsha South
Dubai Marina Dhow Cruise with Dinner,Save up to 15%,55,Official Website,"Enjoy a relaxing evening aboard a traditional dhow cruise along Dubai Marina, complete with a buffet dinner, live music, and stunning views of the city's illuminated skyline.",https://www.burjkhalifa.ae,Dubai Marina
IMG Worlds of Adventure Tickets,Save up to 10%,75,Local Vendor,"Experience the world's largest indoor theme park, featuring thrilling rides and attractions based on popular Cartoon Network characters and Marvel superheroes. Suitable for all age groups.",https://www.localvendor.com,Sheikh Mohammed Bin Zayed Road
Dubai Dolphinarium Tickets,Save up to 10%,30,Expedia,Enjoy an entertaining dolphin and seal show showcasing the incredible talents of these marine animals. Optional experiences include swimming with dolphins and photo sessions.,https://www.expedia.com,Riyadh Street
Burj Khalifa: At The Top (Levels 124 and 125) Admission Ticket,Save up to 10%,56,Groupon,Enjoy panoramic views of Dubai from the world's tallest building. Pre-booked tickets include access to indoor observation decks with floor-to-ceiling glass walls and an open-air terrace. Telescopes are provided for a closer look at the cityscape.,https://www.groupon.com,Downtown Dubai
Dubai Aquarium and Underwater Zoo with Penguin Cove Tickets,Save up to 15%,42,Tripadvisor,"Explore one of the largest suspended aquariums in the world, home to thousands of aquatic animals. The ticket includes access to the Underwater Zoo and Penguin Cove, offering an interactive experience with marine life.",https://www.tripadvisor.com,Dubai Mall
Desert Safari with BBQ Dinner and Live Entertainment,Save up to 20%,65,Viator,"Experience the thrill of dune bashing in the Dubai desert, followed by a traditional BBQ dinner and live entertainment at a Bedouin-style camp. Activities include camel riding, sandboarding, henna painting, and belly dancing performances.",https://www.viator.com,Dubai Desert
Atlantis Aquaventure Waterpark Admission,Save up to 15%,75,Klook,"Enjoy a full day of excitement at the largest waterpark in the Middle East, featuring thrilling water slides, a private beach, and access to the Lost Chambers Aquarium. Suitable for all ages with dedicated children's play areas.",https://www.klook.com,Palm Jumeirah
Museum of the Future Tickets,Save up to 10%,42,GetYourGuide,"Visit Dubai's latest architectural marvel and explore innovative exhibits that offer a glimpse into the future of science, technology, and innovation. The museum provides an immersive experience for visitors of all ages.",https://www.getyourguide.com,Trade Centre
Dubai Frame Admission Tickets,Save up to 10%,15,Tiqets,"Discover Dubai's past, present, and future through interactive galleries and enjoy panoramic views of the city from the sky deck of this iconic architectural landmark.",https://www.tiqets.com,Zabeel Park
Dubai Miracle Garden Entry Tickets,Save up to 10%,20,Headout,"Explore the world's largest natural flower garden, featuring over 150 million flowers arranged in stunning designs and themes. A family-friendly attraction open from November to April.",https://www.headout.com,Al Barsha South
Dubai Marina Dhow Cruise with Dinner,Save up to 15%,55,Official Website,"Enjoy a relaxing evening aboard a traditional dhow cruise along Dubai Marina, complete with a buffet dinner, live music, and stunning views of the city's illuminated skyline.",https://www.burjkhalifa.ae,Dubai Marina
IMG Worlds of Adventure Tickets,Save up to 10%,75,Local Vendor,"Experience the world's largest indoor theme park, featuring thrilling rides and attractions based on popular Cartoon Network characters and Marvel superheroes. Suitable for all age groups.",https://www.localvendor.com,Sheikh Mohammed Bin Zayed Road
Dubai Dolphinarium Tickets,Save up to 10%,30,Expedia,Enjoy an entertaining dolphin and seal show showcasing the incredible talents of these marine animals. Optional experiences include swimming with dolphins and photo sessions.,https://www.expedia.com,Riyadh Street
Burj Khalifa: At The Top (Levels 124 and 125) Admission Ticket,Save up to 10%,56,Groupon,Enjoy panoramic views of Dubai from the world's tallest building. Pre-booked tickets include access to indoor observation decks with floor-to-ceiling glass walls and an open-air terrace. Telescopes are provided for a closer look at the cityscape.,https://www.groupon.com,Downtown Dubai
Dubai Aquarium and Underwater Zoo with Penguin Cove Tickets,Save up to 15%,42,Tripadvisor,"Explore one of the largest suspended aquariums in the world, home to thousands of aquatic animals. The ticket includes access to the Underwater Zoo and Penguin Cove, offering an interactive experience with marine life.",https://www.tripadvisor.com,Dubai Mall
Desert Safari with BBQ Dinner and Live Entertainment,Save up to 20%,65,Viator,"Experience the thrill of dune bashing in the Dubai desert, followed by a traditional BBQ dinner and live entertainment at a Bedouin-style camp. Activities include camel riding, sandboarding, henna painting, and belly dancing performances.",https://www.viator.com,Dubai Desert
Atlantis Aquaventure Waterpark Admission,Save up to 15%,75,Klook,"Enjoy a full day of excitement at the largest waterpark in the Middle East, featuring thrilling water slides, a private beach, and access to the Lost Chambers Aquarium. Suitable for all ages with dedicated children's play areas.",https://www.klook.com,Palm Jumeirah
Museum of the Future Tickets,Save up to 10%,42,GetYourGuide,"Visit Dubai's latest architectural marvel and explore innovative exhibits that offer a glimpse into the future of science, technology, and innovation. The museum provides an immersive experience for visitors of all ages.",https://www.getyourguide.com,Trade Centre
Dubai Frame Admission Tickets,Save up to 10%,15,Tiqets,"Discover Dubai's past, present, and future through interactive galleries and enjoy panoramic views of the city from the sky deck of this iconic architectural landmark.",https://www.tiqets.com,Zabeel Park
Dubai Miracle Garden Entry Tickets,Save up to 10%,20,Headout,"Explore the world's largest natural flower garden, featuring over 150 million flowers arranged in stunning designs and themes. A family-friendly attraction open from November to April.",https://www.headout.com,Al Barsha South
Dubai Marina Dhow Cruise with Dinner,Save up to 15%,55,Official Website,"Enjoy a relaxing evening aboard a traditional dhow cruise along Dubai Marina, complete with a buffet dinner, live music, and stunning views of the city's illuminated skyline.",https://www.burjkhalifa.ae,Dubai Marina
IMG Worlds of Adventure Tickets,Save up to 10%,75,Local Vendor,"Experience the world's largest indoor theme park, featuring thrilling rides and attractions based on popular Cartoon Network characters and Marvel superheroes. Suitable for all age groups.",https://www.localvendor.com,Sheikh Mohammed Bin Zayed Road
Dubai Dolphinarium Tickets,Save up to 10%,30,Expedia,Enjoy an entertaining dolphin and seal show showcasing the incredible talents of these marine animals. Optional experiences include swimming with dolphins and photo sessions.,https://www.expedia.com,Riyadh Street
Burj Khalifa: At The Top (Levels 124 and 125) Admission Ticket,Save up to 10%,56,Groupon,Enjoy panoramic views of Dubai from the world's tallest building. Pre-booked tickets include access to indoor observation decks with floor-to-ceiling glass walls and an open-air terrace. Telescopes are provided for a closer look at the cityscape.,https://www.groupon.com,Downtown Dubai
Dubai Aquarium and Underwater Zoo with Penguin Cove Tickets,Save up to 15%,42,Tripadvisor,"Explore one of the largest suspended aquariums in the world, home to thousands of aquatic animals. The ticket includes access to the Underwater Zoo and Penguin Cove, offering an interactive experience with marine life.",https://www.tripadvisor.com,Dubai Mall
Desert Safari with BBQ Dinner and Live Entertainment,Save up to 20%,65,Viator,"Experience the thrill of dune bashing in the Dubai desert, followed by a traditional BBQ dinner and live entertainment at a Bedouin-style camp. Activities include camel riding, sandboarding, henna painting, and belly dancing performances.",https://www.viator.com,Dubai Desert
Atlantis Aquaventure Waterpark Admission,Save up to 15%,75,Klook,"Enjoy a full day of excitement at the largest waterpark in the Middle East, featuring thrilling water slides, a private beach, and access to the Lost Chambers Aquarium. Suitable for all ages with dedicated children's play areas.",https://www.klook.com,Palm Jumeirah
Museum of the Future Tickets,Save up to 10%,42,GetYourGuide,"Visit Dubai's latest architectural marvel and explore innovative exhibits that offer a glimpse into the future of science, technology, and innovation. The museum provides an immersive experience for visitors of all ages.",https://www.getyourguide.com,Trade Centre
Dubai Frame Admission Tickets,Save up to 10%,15,Tiqets,"Discover Dubai's past, present, and future through interactive galleries and enjoy panoramic views of the city from the sky deck of this iconic architectural landmark.",https://www.tiqets.com,Zabeel Park
Dubai Miracle Garden Entry Tickets,Save up to 10%,20,Headout,"Explore the world's largest natural flower garden, featuring over 150 million flowers arranged in stunning designs and themes. A family-friendly attraction open from November to April.",https://www.headout.com,Al Barsha South
Dubai Marina Dhow Cruise with Dinner,Save up to 15%,55,Official Website,"Enjoy a relaxing evening aboard a traditional dhow cruise along Dubai Marina, complete with a buffet dinner, live music, and stunning views of the city's illuminated skyline.",https://www.burjkhalifa.ae,Dubai Marina
IMG Worlds of Adventure Tickets,Save up to 10%,75,Local Vendor,"Experience the world's largest indoor theme park, featuring thrilling rides and attractions based on popular Cartoon Network characters and Marvel superheroes. Suitable for all age groups.",https://www.localvendor.com,Sheikh Mohammed Bin Zayed Road
Dubai Dolphinarium Tickets,Save up to 10%,30,Expedia,Enjoy an entertaining dolphin and seal show showcasing the incredible talents of these marine animals. Optional experiences include swimming with dolphins and photo sessions.,https://www.expedia.com,Riyadh Street
Burj Khalifa: At The Top (Levels 124 and 125) Admission Ticket,Save up to 10%,56,Groupon,Enjoy panoramic views of Dubai from the world's tallest building. Pre-booked tickets include access to indoor observation decks with floor-to-ceiling glass walls and an open-air terrace. Telescopes are provided for a closer look at the cityscape.,https://www.groupon.com,Downtown Dubai
Dubai Aquarium and Underwater Zoo with Penguin Cove Tickets,Save up to 15%,42,Tripadvisor,"Explore one of the largest suspended aquariums in the world, home to thousands of aquatic animals. The ticket includes access to the Underwater Zoo and Penguin Cove, offering an interactive experience with marine life.",https://www.tripadvisor.com,Dubai Mall
Desert Safari with BBQ Dinner and Live Entertainment,Save up to 20%,65,Viator,"Experience the thrill of dune bashing in the Dubai desert, followed by a traditional BBQ dinner and live entertainment at a Bedouin-style camp. Activities include camel riding, sandboarding, henna painting, and belly dancing performances.",https://www.viator.com,Dubai Desert
Atlantis Aquaventure Waterpark Admission,Save up to 15%,75,Klook,"Enjoy a full day of excitement at the largest waterpark in the Middle East, featuring thrilling water slides, a private beach, and access to the Lost Chambers Aquarium. Suitable for all ages with dedicated children's play areas.",https://www.klook.com,Palm Jumeirah
Museum of the Future Tickets,Save up to 10%,42,GetYourGuide,"Visit Dubai's latest architectural marvel and explore innovative exhibits that offer a glimpse into the future of science, technology, and innovation. The museum provides an immersive experience for visitors of all ages.",https://www.getyourguide.com,Trade Centre
Dubai Frame Admission Tickets,Save up to 10%,15,Tiqets,"Discover Dubai's past, present, and future through interactive galleries and enjoy panoramic views of the city from the sky deck of this iconic architectural landmark.",https://www.tiqets.com,Zabeel Park
Dubai Miracle Garden Entry Tickets,Save up to 10%,20,Headout,"Explore the world's largest natural flower garden, featuring over 150 million flowers arranged in stunning designs and themes. A family-friendly attraction open from November to April.",https://www.headout.com,Al Barsha South
Dubai Marina Dhow Cruise with Dinner,Save up to 15%,55,Official Website,"Enjoy a relaxing evening aboard a traditional dhow cruise along Dubai Marina, complete with a buffet dinner, live music, and stunning views of the city's illuminated skyline.",https://www.burjkhalifa.ae,Dubai Marina
IMG Worlds of Adventure Tickets,Save up to 10%,75,Local Vendor,"Experience the world's largest indoor theme park, featuring thrilling rides and attractions based on popular Cartoon Network characters and Marvel superheroes. Suitable for all age groups.",https://www.localvendor.com,Sheikh Mohammed Bin Zayed Road
Dubai Dolphinarium Tickets,Save up to 10%,30,Expedia,Enjoy an entertaining dolphin and seal show showcasing the incredible talents of these marine animals. Optional experiences include swimming with dolphins and photo sessions.,https://www.expedia.com,Riyadh Street
Burj Khalifa: At The Top (Levels 124 and 125) Admission Ticket,Save up to 10%,56,Groupon,Enjoy panoramic views of Dubai from the world's tallest building. Pre-booked tickets include access to indoor observation decks with floor-to-ceiling glass walls and an open-air terrace. Telescopes are provided for a closer look at the cityscape.,https://www.groupon.com,Downtown Dubai
Dubai Aquarium and Underwater Zoo with Penguin Cove Tickets,Save up to 15%,42,Tripadvisor,"Explore one of the largest suspended aquariums in the world, home to thousands of aquatic animals. The ticket includes access to the Underwater Zoo and Penguin Cove, offering an interactive experience with marine life.",https://www.tripadvisor.com,Dubai Mall
Desert Safari with BBQ Dinner and Live Entertainment,Save up to 20%,65,Viator,"Experience the thrill of dune bashing in the Dubai desert, followed by a traditional BBQ dinner and live entertainment at a Bedouin-style camp. Activities include camel riding, sandboarding, henna painting, and belly dancing performances.",https://www.viator.com,Dubai Desert
Atlantis Aquaventure Waterpark Admission,Save up to 15%,75,Klook,"Enjoy a full day of excitement at the largest waterpark in the Middle East, featuring thrilling water slides, a private beach, and access to the Lost Chambers Aquarium. Suitable for all ages with dedicated children's play areas.",https://www.klook.com,Palm Jumeirah
Museum of the Future Tickets,Save up to 10%,42,GetYourGuide,"Visit Dubai's latest architectural marvel and explore innovative exhibits that offer a glimpse into the future of science, technology, and innovation. The museum provides an immersive experience for visitors of all ages.",https://www.getyourguide.com,Trade Centre
Dubai Frame Admission Tickets,Save up to 10%,15,Tiqets,"Discover Dubai's past, present, and future through interactive galleries and enjoy panoramic views of the city from the sky deck of this iconic architectural landmark.",https://www.tiqets.com,Zabeel Park
Dubai Miracle Garden Entry Tickets,Save up to 10%,20,Headout,"Explore the world's largest natural flower garden, featuring over 150 million flowers arranged in stunning designs and themes. A family-friendly attraction open from November to April.",https://www.headout.com,Al Barsha South
Dubai Marina Dhow Cruise with Dinner,Save up to 15%,55,Official Website,"Enjoy a relaxing evening aboard a traditional dhow cruise along Dubai Marina, complete with a buffet dinner, live music, and stunning views of the city's illuminated skyline.",https://www.burjkhalifa.ae,Dubai Marina
IMG Worlds of Adventure Tickets,Save up to 10%,75,Local Vendor,"Experience the world's largest indoor theme park, featuring thrilling rides and attractions based on popular Cartoon Network characters and Marvel superheroes. Suitable for all age groups.",https://www.localvendor.com,Sheikh Mohammed Bin Zayed Road
Dubai Dolphinarium Tickets,Save up to 10%,30,Expedia,Enjoy an entertaining dolphin and seal show showcasing the incredible talents of these marine animals. Optional experiences include swimming with dolphins and photo sessions.,https://www.expedia.com,Riyadh Street
Burj Khalifa: At The Top (Levels 124 and 125) Admission Ticket,Save up to 10%,56,Groupon,Enjoy panoramic views of Dubai from the world's tallest building. Pre-booked tickets include access to indoor observation decks with floor-to-ceiling glass walls and an open-air terrace. Telescopes are provided for a closer look at the cityscape.,https://www.groupon.com,Downtown Dubai
Dubai Aquarium and Underwater Zoo with Penguin Cove Tickets,Save up to 15%,42,Tripadvisor,"Explore one of the largest suspended aquariums in the world, home to thousands of aquatic animals. The ticket includes access to the Underwater Zoo and Penguin Cove, offering an interactive experience with marine life.",https://www.tripadvisor.com,Dubai Mall
Desert Safari with BBQ Dinner and Live Entertainment,Save up to 20%,65,Viator,"Experience the thrill of dune bashing in the Dubai desert, followed by a traditional BBQ dinner and live entertainment at a Bedouin-style camp. Activities include camel riding, sandboarding, henna painting, and belly dancing performances.",https://www.viator.com,Dubai Desert
Atlantis Aquaventure Waterpark Admission,Save up to 15%,75,Klook,"Enjoy a full day of excitement at the largest waterpark in the Middle East, featuring thrilling water slides, a private beach, and access to the Lost Chambers Aquarium. Suitable for all ages with dedicated children's play areas.",https://www.klook.com,Palm Jumeirah
Museum of the Future Tickets,Save up to 10%,42,GetYourGuide,"Visit Dubai's latest architectural marvel and explore innovative exhibits that offer a glimpse into the future of science, technology, and innovation. The museum provides an immersive experience for visitors of all ages.",https://www.getyourguide.com,Trade Centre
Dubai Frame Admission Tickets,Save up to 10%,15,Tiqets,"Discover Dubai's past, present, and future through interactive galleries and enjoy panoramic views of the city from the sky deck of this iconic architectural landmark.",https://www.tiqets.com,Zabeel Park
Dubai Miracle Garden Entry Tickets,Save up to 10%,20,Headout,"Explore the world's largest natural flower garden, featuring over 150 million flowers arranged in stunning designs and themes. A family-friendly attraction open from November to April.",https://www.headout.com,Al Barsha South
Dubai Marina Dhow Cruise with Dinner,Save up to 15%,55,Official Website,"Enjoy a relaxing evening aboard a traditional dhow cruise along Dubai Marina, complete with a buffet dinner, live music, and stunning views of the city's illuminated skyline.",https://www.burjkhalifa.ae,Dubai Marina
IMG Worlds of Adventure Tickets,Save up to 10%,75,Local Vendor,"Experience the world's largest indoor theme park, featuring thrilling rides and attractions based on popular Cartoon Network characters and Marvel superheroes. Suitable for all age groups.",https://www.localvendor.com,Sheikh Mohammed Bin Zayed Road
Dubai Dolphinarium Tickets,Save up to 10%,30,Expedia,Enjoy an entertaining dolphin and seal show showcasing the incredible talents of these marine animals. Optional experiences include swimming with dolphins and photo sessions.,https://www.expedia.com,Riyadh Street
Burj Khalifa: At The Top (Levels 124 and 125) Admission Ticket,Save up to 10%,56,Groupon,Enjoy panoramic views of Dubai from the world's tallest building. Pre-booked tickets include access to indoor observation decks with floor-to-ceiling glass walls and an open-air terrace. Telescopes are provided for a closer look at the cityscape.,https://www.groupon.com,Downtown Dubai
Dubai Aquarium and Underwater Zoo with Penguin Cove Tickets,Save up to 15%,42,Tripadvisor,"Explore one of the largest suspended aquariums in the world, home to thousands of aquatic animals. The ticket includes access to the Underwater Zoo and Penguin Cove, offering an interactive experience with marine life.",https://www.tripadvisor.com,Dubai Mall
Desert Safari with BBQ Dinner and Live Entertainment,Save up to 20%,65,Viator,"Experience the thrill of dune bashing in the Dubai desert, followed by a traditional BBQ dinner and live entertainment at a Bedouin-style camp. Activities include camel riding, sandboarding, henna painting, and belly dancing performances.",https://www.viator.com,Dubai Desert
Atlantis Aquaventure Waterpark Admission,Save up to 15%,75,Klook,"Enjoy a full day of excitement at the largest waterpark in the Middle East, featuring thrilling water slides, a private beach, and access to the Lost Chambers Aquarium. Suitable for all ages with dedicated children's play areas.",https://www.klook.com,Palm Jumeirah
Museum of the Future Tickets,Save up to 10%,42,GetYourGuide,"Visit Dubai's latest architectural marvel and explore innovative exhibits that offer a glimpse into the future of science, technology, and innovation. The museum provides an immersive experience for visitors of all ages.",https://www.getyourguide.com,Trade Centre
Dubai Frame Admission Tickets,Save up to 10%,15,Tiqets,"Discover Dubai's past, present, and future through interactive galleries and enjoy panoramic views of the city from the sky deck of this iconic architectural landmark.",https://www.tiqets.com,Zabeel Park
Dubai Miracle Garden Entry Tickets,Save up to 10%,20,Headout,"Explore the world's largest natural flower garden, featuring over 150 million flowers arranged in stunning designs and themes. A family-friendly attraction open from November to April.",https://www.headout.com,Al Barsha South
Dubai Marina Dhow Cruise with Dinner,Save up to 15%,55,Official Website,"Enjoy a relaxing evening aboard a traditional dhow cruise along Dubai Marina, complete with a buffet dinner, live music, and stunning views of the city's illuminated skyline.",https://www.burjkhalifa.ae,Dubai Marina
IMG Worlds of Adventure Tickets,Save up to 10%,75,Local Vendor,"Experience the world's largest indoor theme park, featuring thrilling rides and attractions based on popular Cartoon Network characters and Marvel superheroes. Suitable for all age groups.",https://www.localvendor.com,Sheikh Mohammed Bin Zayed Road
Dubai Dolphinarium Tickets,Save up to 10%,30,Expedia,Enjoy an entertaining dolphin and seal show showcasing the incredible talents of these marine animals. Optional experiences include swimming with dolphins and photo sessions.,https://www.expedia.com,Riyadh Street
